{"lr": [9.999999747378752e-05, 3.1749998015584424e-05], "loss": [NaN, NaN], "cls_acc": [0.9971386194229126, 0.9993218779563904]}